<?xml version="1.0" encoding="UTF-8"?>
<folder exportedWithPermissions="true">
    <parent>/analysis</parent>
    <name>connections</name>
    <label>Analysis Connections</label>
    <description>Connections used by Analysis</description>
    <creationDate>2015-11-12T15:24:01.093-08:00</creationDate>
    <updateDate>2015-11-12T15:24:01.093-08:00</updateDate>
    <resource>Foodmart</resource>
    <resource>FoodmartXmlaConnection</resource>
    <resource>SugarCRM</resource>
    <resource>SugarCRMXmlaConnection</resource>
</folder>
