<?xml version="1.0" encoding="UTF-8"?>
<export><property name="pathProcessorId" value="zip"/><property name="rootTenantId" value="organizations"/><property name="jsVersion" value="6.2.0 PRO"/><module id="tenants"><organization>organizations</organization><organization>organization_1</organization></module><module id="authority"><user>anonymousUser</user><user>superuser</user><user tenant="organization_1">jasperadmin</user><role>ROLE_ADMINISTRATOR</role><role>ROLE_USER</role><role>ROLE_ANONYMOUS</role><role>ROLE_PORTLET</role><role>ROLE_SUPERUSER</role></module><module id="repositoryResources"><folder>/</folder></module><module id="calendars"><calendar>New Years Days</calendar></module><module id="reportJobs"/><module id="audit"/><module id="reportMonitoring"/></export>